{
  "r0": "s",
  "r1": "s",
  "r2": "s",
  "r3": "s",
  "r4": "g",
  "r5": "s",
  "r6": "s",
  "r8": "s",
  "r7": "s",
  "r9": "s",
  "r10": "s",
  "r11": "s",
  "r12": "s",
  "r13": "s",
  "r14": "s",
  "r15": "s",
  "r16": "s",
  "r17": "s",
  "r19": "s",
  "r20": "s",
  "r21": "s",
  "r23": "s",
  "r24": "s",
  "r25": "b",
  "r26": "s",
  "r27": "s",
  "r28": "s",
  "r29": "s",
  "r30": "s",
  "r31": "s",
  "r32": "s",
  "r33": "s",
  "r34": "s",
  "r35": "s",
  "r36": "s",
  "r37": "s",
  "r38": "s",
  "r39": "s",
  "r40": "g",
  "r41": "s",
  "r42": "s",
  "r43": "s",
  "r44": "b",
  "r45": "s",
  "r47": "s",
  "r48": "s",
  "r49": "s",
  "r46": "b",
  "r22": "s",
  "r18": "s"
}